{
  "project_info": {
    "project_number": "1095874699773",
    "firebase_url": "https://sih-2023-default-rtdb.asia-southeast1.firebasedatabase.app",
    "project_id": "sih-2023",
    "storage_bucket": "sih-2023.appspot.com"
  },
  "client": [
    {
      "client_info": {
        "mobilesdk_app_id": "1:1095874699773:android:8ea40f80dc348101fb3994",
        "android_client_info": {
          "package_name": "com.example.firebasedata"
        }
      },
      "oauth_client": [
        {
          "client_id": "1095874699773-h9oaulthff6o4s12k14udrvlvqhublm0.apps.googleusercontent.com",
          "client_type": 3
        }
      ],
      "api_key": [
        {
          "current_key": "AIzaSyBpzIK50EcAGLfgMObF5umbMBu9aODE_9I"
        }
      ],
      "services": {
        "appinvite_service": {
          "other_platform_oauth_client": [
            {
              "client_id": "1095874699773-h9oaulthff6o4s12k14udrvlvqhublm0.apps.googleusercontent.com",
              "client_type": 3
            }
          ]
        }
      }
    },
    {
      "client_info": {
        "mobilesdk_app_id": "1:1095874699773:android:5257e1c3d9f99195fb3994",
        "android_client_info": {
          "package_name": "com.example.hulla"
        }
      },
      "oauth_client": [
        {
          "client_id": "1095874699773-h9oaulthff6o4s12k14udrvlvqhublm0.apps.googleusercontent.com",
          "client_type": 3
        }
      ],
      "api_key": [
        {
          "current_key": "AIzaSyBpzIK50EcAGLfgMObF5umbMBu9aODE_9I"
        }
      ],
      "services": {
        "appinvite_service": {
          "other_platform_oauth_client": [
            {
              "client_id": "1095874699773-h9oaulthff6o4s12k14udrvlvqhublm0.apps.googleusercontent.com",
              "client_type": 3
            }
          ]
        }
      }
    },
    {
      "client_info": {
        "mobilesdk_app_id": "1:1095874699773:android:76d9c51726249d2cfb3994",
        "android_client_info": {
          "package_name": "com.example.myapplication"
        }
      },
      "oauth_client": [
        {
          "client_id": "1095874699773-h9oaulthff6o4s12k14udrvlvqhublm0.apps.googleusercontent.com",
          "client_type": 3
        }
      ],
      "api_key": [
        {
          "current_key": "AIzaSyBpzIK50EcAGLfgMObF5umbMBu9aODE_9I"
        }
      ],
      "services": {
        "appinvite_service": {
          "other_platform_oauth_client": [
            {
              "client_id": "1095874699773-h9oaulthff6o4s12k14udrvlvqhublm0.apps.googleusercontent.com",
              "client_type": 3
            }
          ]
        }
      }
    },
    {
      "client_info": {
        "mobilesdk_app_id": "1:1095874699773:android:a9da4d1ac22c0e5efb3994",
        "android_client_info": {
          "package_name": "com.example.retrieving_images_from_firebase"
        }
      },
      "oauth_client": [
        {
          "client_id": "1095874699773-h9oaulthff6o4s12k14udrvlvqhublm0.apps.googleusercontent.com",
          "client_type": 3
        }
      ],
      "api_key": [
        {
          "current_key": "AIzaSyBpzIK50EcAGLfgMObF5umbMBu9aODE_9I"
        }
      ],
      "services": {
        "appinvite_service": {
          "other_platform_oauth_client": [
            {
              "client_id": "1095874699773-h9oaulthff6o4s12k14udrvlvqhublm0.apps.googleusercontent.com",
              "client_type": 3
            }
          ]
        }
      }
    },
    {
      "client_info": {
        "mobilesdk_app_id": "1:1095874699773:android:41ad034687092190fb3994",
        "android_client_info": {
          "package_name": "com.sih.visionguard"
        }
      },
      "oauth_client": [
        {
          "client_id": "1095874699773-h9oaulthff6o4s12k14udrvlvqhublm0.apps.googleusercontent.com",
          "client_type": 3
        }
      ],
      "api_key": [
        {
          "current_key": "AIzaSyBpzIK50EcAGLfgMObF5umbMBu9aODE_9I"
        }
      ],
      "services": {
        "appinvite_service": {
          "other_platform_oauth_client": [
            {
              "client_id": "1095874699773-h9oaulthff6o4s12k14udrvlvqhublm0.apps.googleusercontent.com",
              "client_type": 3
            }
          ]
        }
      }
    }
  ],
  "configuration_version": "1"
}